question,answer,id
Was Abraham Lincoln the sixteenth President of the United States?,yes,0
Did Lincoln sign the National Banking Act of 1863?,yes,2
Did his mother die of pneumonia?,no,4
How many long was Lincoln's formal education?,18 months,6
When did Lincoln begin his political career?,1832,8
What did The Legal Tender Act of 1862 establish?,"the United States Note, the first paper currency in United States history",10
Who suggested Lincoln grow a beard?,11-year-old Grace Bedell,12
When did the Gettysburg address argue that America was born?,1776,14
Did Lincoln beat John C. Breckinridge in the 1860 election?,yes,16
Was Abraham Lincoln the first President of the United States?,No,18
Did Lincoln start his political career in 1832?,Yes,20
Did Lincoln ever represent Alton & Sangamon Railroad?,Yes,22
Which county was Lincoln born in?,Hardin County,24
When did Lincoln first serve as President?,"March 4, 1861",26
Who assassinated Lincoln?,John Wilkes Booth,28
Did Lincoln win the election of 1860?,Yes,30
Who was the general in charge at the Battle of Antietam?,General McClellan,32
Why did Lincoln issue the Emancipation Proclamation?,To free slaves ,34
Do scholars rank lincoln among the top three presidents?,Yes,37
Did lincoln have 18 months of schooling?,Yes,39
Was Lincoln chosen as a presidential candidate in 1860?,Yes,41
How old was Lincoln in 1816?,seven,43
When was the first photgraph of lincoln taken?,1846,45
How long was Lincoln's legal Career?,23 years,47
What trail did Lincoln use a Farmers' Almanac in? ,"he defended William ""Duff"" Armstrong",49
Did Abraham Lincoln live in the Frontier?,Yes,51
Did Lincoln's Wife's Family support slavery?,Yes,53
Who is most noted for his contributions to the theory of molarity and molecular weight?,Amedeo Avogadro,80
Who graduated in ecclesiastical law at the early age of 20 and began to practice?,Amedeo Avogadro,83
When did he publish another memoria?,1821,86
When did he become a professor?,1820,89
Is it true that he became a professor in 1820?,yes,92
Was Lorenzo Romano Amedeo Carlo Avogadro an Italian savant?,yes,95
"Was Amedeo Avogadro born in Turin August 9th 1776 to a noble ancient family of Piedmont, Italy?",yes,98
Is he most noted for his contributions to the theory of molarity and molecular weight?,yes,101
Was King Victor Emmanuel III there to pay homage to Avogadro ?,yes,115
Is Avogadro 's number commonly used to compute the results of chemical reactions ?,yes,118
Did the scientific community not reserve great attention to his theory ?,yes,123
Can the title of this famous 1811 paper be roughly translated into english?,yes,131
What happened in 1833?,Avogadro had been recalled to Turin university,136
Who determined the dependence of the boiling of water with atmospheric pressure?,Anders Celsius,139
What is named after him?,The Celsius crater on the Moon,140
When did he publish a collection?,1733,141
Is it true that he published a collection in 1738?,No,142
Is it true that thermometer had 100 for the freezing point?,Yes,143
Was Celsius born in Uppsala in Sweden?,Yes,144
"Was Anders Celsius (November 27, 1701 April 25, 1744) a Swedish astronomer?",Yes,145
Is The Celsius crater on the Moon named after him?,Yes,146
Who was the first to perform and publish careful experiments aiming at the definition of an international temperature scale on scientific grounds ?,Anders Celsius,147
The Celsius crater on the Moon is what?,named after him,148
Is the Celsius crater on the Moon named after him ?,Yes,149
Had his thermometer 100 for the freezing point of water and 0 for the boiling point ?,Yes it had,150
Was Celsius born in Uppsala in Sweden ?,Yes,151
Did he not determine the dependence of the boiling of water with atmospheric pressure -LRB- in excellent agreement with modern data -RRB- ?,Yes he did,153
What happened from 1730 to 1744?,He was professor of astronomy at Uppsala University,154
What happened in 1745?,The scale was reversed,155
Are beetles insects?,Yes,156
Can beetles be found in polar regions?,No,158
Do beetles antennae function primarily as organs of smell?,Yes,160
What are the three sections of a beetle?,"the head, the thorax, and the abdomen",162
Which defense mechanism uses colour or shape to deceive potential enemies?,mimicry,164
Which type of beetle is a pest of potato plants?,Colorado potato beetle,166
How can beetle larvae be differentiated from other insect larvae?,"their hardened, often darkened head, the presence of chewing mouthparts, and spiracles along the sides of the body",168
What do beetles eat?,"Some are generalists, eating both plants and animals. Other beetles are highly specialised in their diet.",170
What are the similarities between beetles and grasshoppers?,mouthparts,172
Are certain species of beetles considered pests?,Yes,174
Is a beetle's general anatomy uniform?,Yes,176
Are beetles endopterygotes?,yes,178
How many species of beetles are there?,"350,000",180
When are sperm cells transferred to the female?,during pairing,182
What is the study of beetles called?,coleopterology,184
"Is it possible that there are more than 350,000 species of beetles?",yes,186
Is the Adephaga suborder larger than the Polyphaga suborder?,no,188
Do carrion beetles eat dung?,no,190
What are prey of various animals including birds and mammals?,Beetles.,192
What was given by Aristotle for the hardened shield like forewings?,"The name ""Coleoptera"".",193
Who or what vary greatly in form within the coleoptera?,Antennae.,194
Are many beetles territorial?,Yes.,195
Are beetles endopterygotes with complete metamorphosis?,Yes.,196
Oxygen is what?,One kind of gas obtained via a tracheal system.,197
Is there a thriving industry in the collection of beetle specimens for amateur and professional collectors ?,Yes.,198
Have coleopterists formed organisations to facilitate the study of beetles ?,Yes.,199
"Is the study of beetles called coleopterology , and its practitioners are coleopterists ?",Yes.,200
May a single female lay from several dozen to several thousand eggs during her lifetime ?,Yes.,201
Can beetles be found in almost all habitats?,Yes.,202
What happened on plants and fungi?,They are food to beetles.,203
Was Calvin Coolidge the twenty-ninth vice president?,no,204
"Was Calvin Coolidge born in Plymouth, Windsor County, Vermont?",yes,206
Did Coolidge graduate from Black River Academy?,yes,208
When did he drop John from his name?,upon graduating from college,210
When did Coolidge meet and marry Grace Anna Goodhue?,1905,212
What period of rapid economic growth did the United States experience during Coolidge's presidency?,the Roaring Twenties,214
What did Coolidge do after graduating from Amherst?,"Coolidge moved to Northampton, MassachuS08_setts",216
Of what state was Coolidge governor?,MassachuS08_setts,218
Who appointed Harlan Fiske Stone to the Supreme Court?,Coolidge,219
Was Coolidge the thirteenth President of the United States?,No,221
Was Calvin Coolidge Republican?,Yes,223
Was Calvin Coolidge a governor of MassachuS08_setts?,Yes,225
When was Coolidge born?,July 4 1872,227
Where did Coolidge's grandfather had government offices?,Plymouth,229
Which state were Coolidge born in?,"Plymouth, Windsor County, Vermont",231
Is Calvin Jr. older than John Coolidge?,No,233
Did Coolidge get in Amherst College?,Yes,235
What caused Calvin Jr.'s death?,heart attack,237
Was John Calvin Coolidge Jr. was born in Las Vegas?,No,239
Was Coolidge opposed in the Republican nomination for Governor of MassachuS08_setts in 1918?,Yes,241
Did Coolidge meet and marry Grace Anna Goodhue?,Yes,243
What year did Coolidge open his own law office?,1898,245
What fraternity was Coolidge a member of?,Phi Gamma Delta,247
In 1905 Coolidge met and married whom?,Grace Anna Goodhue,249
Why did Coolidge not attend law school?,It was too expensive,251
Have there been other US presidents that have visited Cuba?,No,253
What years were Coolidge's two sons born in?,1906 and 1908,255
Did France cede nearly all of its colonies in Europe in 1763?,Yes.,281
Is Canada a member of the OECD?,Yes.,284
Is Canada's official language Zulu?,No.,287
What is one significant non-official language?,Chinese.,290
"In addition to Port Royal, where else did Samuel de Champlain establish a S08_settlement?",Quebec City,293
What was the Consitution Act formerly called?,The British North America Act.,295
Which countries established colonies in Canada?,France and Britain.,298
How has Canada helped UN peacekeeping efforts?,"During the Suez Crisis of 1956, Lester B. Pearson eased tensions by proposing the inception of the United Nations Peacekeeping Force. Canada has since served in 50 peacekeeping missions, including every UN peacekeeping effort until 1989",301
What percentage of the population don't speak English or French at home?,28%,304
Is Canada bilingual?,Yes.,307
Did Canadian soldiers win the Battle of Vimy Ridge in 1917?,Yes,309
Is an official language of Canada German?,No.,311
How many provinces and territories does Canada have?,A federation now comprising ten provinces and three territories,313
What is Canada's national unemployment rate?,"While as of October 2007, Canada's national unemployment rate of 5.9% is its lowest in 33 years. Provincial unemployment rates vary from a low of 3.6% in Alberta to a high of 14.6% in Newfoundland and Labrador. ",315
Where is the most densely populated part of Canada?,The most densely populated part of the country is the Quebec City-Windsor Corridor along the Great Lakes and Saint Lawrence River in the southeast.,317
What is the largest country in the world?,"Canada is the second largest country in the world, after Russia, and largest on the continent.",319
What is the largest religious group in Canada?,"According to 2001 census, 77.1% of Canadians identified as being Christians; of this, Catholics make up the largest group (43.6% of Canadians). The largest Protestant denomination is the United Church of Canada; about 16.5% of Canadians declare no religious affiliation, and the remaining 6.3% were affiliated with religions other than Christianity, of which the largest is Islam numbering 1.9%, followed by Judaism: 1.1%. ",321
When did Canada have one of the largest armed forces in the world?,1944.,323
What have been inhabited for millennia by aboriginal peoples?,The lands,325
European books and maps began referring to this region as Canada in what year?,1545,326
What was Canada's most important industry until the 1800s?,The fur trade,327
Is it true that it angered many residents of the thirteen colonies?,yes,328
How do cuba and declining participation relate?,Canada maintains full relations with both.,329
Is it true that provinces have a large degree of autonomy?,yes,330
What did Canada adopt in 1965?,The Maple Leaf Flag,331
What arrived in Britain?,The first Canadian Army units in WW II,332
Are Canada 's two official languages English and French ?,yes,333
Are Canada 's official national sports ice hockey ( winter ) and lacrosse ( summer ) ?,yes,334
Is Canada a geographically vast and ethnically diverse country ?,yes,335
Did Mainland Nova Scotia not come under British rule with the Treaty of Utrecht    (: ; ?,no!,336
"Did Cartier not use the word ` Canada ' to refer to not only that village , but the entire area subject to Donnacona , Chief at Stadacona ?",yes,337
Did continental European immigrants not S08_settle the prairies ?,no,338
Is it the world 's second largest country by total area?,yes,339
What happened in 1867?,"Canada was formed as a federal, semi-autonomous polity",340
Are ducks in the Arctic Northern Hemisphere migratory?,Some are,341
Is a drake a male?,Yes,343
"Do all ducks ""quack""?",No,345
What is the name of a specialized species of duck adapted to catch large fish?,the smew,347
What animal attracts the most humor and silliness?,The duck,348
What is an economic use of a duck?,Meat,350
Who is Daffy Duck?,A silly cartoon character,352
What makes it more difficult for a diving duck to fly?,They are heavier,354
What are the reasons for hunting wild ducks?,"Meat, eggs, and feathers",356
Do ducks forage underwater?,yes,357
Is foie gras often made from ducks?,yes,361
What economic uses to ducks have?,"They are farmed for their meat, eggs and feathers. They are also kept and bred by aviculturists and often displayed in zoos.",363
What kind of ducks feed on land?,Dabbling ducks,365
What unrelated water birds are ducks sometimes confused with?,"loons or divers, grebes, gallinules, and coots",367
What does the word duck mean?,It is the common name for a number of species in the Anatidae family of birds.,369
What are some common predators of ducks?,"Pike, crocodilians, herons, hawks and eagles.",371
How does a Mallard's tongue work?,"It's tongue is a flat plate, and on the tongue's back end is a short liftable flap with about 18 short spikes for pushing struggling prey and other food down its throat",373
Are diving ducks heavier tha dabbling ducks?,Yes,375
Are adult ducks fast fliers?,Yes,377
Are ducks an accepted presence in some populated areas?,Yes,379
What types of unrelated water birds with similar forms are ducks sometimes confused with?,"loons or divers, grebes, gallinules, and coots",381
Why are ducklings particularly vulnerable?,Their inability to fly.,383
What are some economic uses for duck?,"Meat,eggs,feathers",385
What allows a duck to filter water out of the side of their beaks and keep food inside?,Tiny rows of plates called lamellae,387
What expression is part of a conceptual framework for testing computer systems?,Quacks like a duck,389
"Where did the expression ""a sitting duck"" come from?","In many areas, wild duckof various species (including ducks farmed and released into the wild) are hunted for food or sport, by shooting, or formerly by decoys.",391
Is Egypt bordered by the Gaza Strip?,yes,393
Is Egypt the most populated country in Africa?,no,395
Does Egypt have political influence in the Middle East?,yes,397
When was the Six Day War?,1967,399
What religions has Egypt outlawed?,"All but Christianity, Islam, and Judaism",401
What is the poulation of Egypt?,more than 78 million,403
Why does most of Egypt's population live near the Nile?,"the only arable agricultural land is found there,",405
Are there a large number of Jews living in Egypt today?,no,407
During what period was Akhenaten a Pharaoh?,The New Kingdom (c.1550&#8722;1070 BC) ,409
Is Egypt in Asia?,No.,411
Does Egypt receive the least rainfall in the world?,Yes.,412
Does Egypt's foreign policy operates along moderate lines?,Yes.,414
Since when has Egypt been a republic?,June 18 1953.,416
When were the Great Sphinx and the Pyramids of Giza built?,During the Old Kingdom.,418
What countries border Egypt?,"Libya, Sudan, the Gaza Strip and Israel.",420
What is the estimated population of Egypt?,More than 78 million.,422
Does snow fall in Egypt?,Yes.,424
When did organized agriculture appear in the Nile Valley?,6000 BC.,426
Are elephants the largest land animals alive today?,yes,428
Can an elephant kill a rhinoceros?,yes,430
Are elephants good swimmers?,yes,432
How many living species of African Elephants are there?,2,434
How long may elephants live?,70 years,436
Why does the phrase 'elephants never forget' have no metaphorical meaning?,it refers literally to elephants supposedly having an excellent memory,438
How many living species of Asian Elephants are there?,1,440
How much do elephants weight at birth?,120 kilograms,442
What did Aristotle say about elephants?,the beast which pasS08_seth all others in wit and mind,444
Are elephant populations in West Africa generally small and fragmented?,yes,446
Is the Asian elephant larger than the African?,no,448
Is an elephant's skin tough?,yes,450
How do elephants communicate over long distances?,by producing and receiving low frequency sound,452
When do African elephants lie down?,when they are sick or wounded,454
How long is the elephant's gestation period?,22 months,455
How many species of African elephants have been proposed?,three,457
What are the elephant's ears important for?,temperature regulation,459
What land animal has the largest brain?,elephant,461
Are elephants mammals?,yes,463
Have elephants been used as working animals?,yes,465
Do they prefer forested areas?,Yes,467
What is the world population of Asian elephants?,60000,469
What part of an elephant is very important for temperature regulation?,Ears,471
Where was the largest elephant ever recorded shot?,Angola,473
Is an Asian elephant smaller than an African elephant?,yes,475
What land animal is larger than an elephant?,"None, the elephant is the largest land animal.",478
Has tusklessness become a rare abnormality?,No,479
Were the treaties signed in 1947 and 1948 with the Ukraine?,no,481
Is Finnish a member of the Baltic-Finnic subgroup of the Uralic languages?,yes,483
Is the most read newspaper in Finland Taloussanomat?,no,485
Which Russian army general conquered Finland in 1809?,Alexander I,487
What is the life expectancy for men in Finland?,75 years,489
"In what year were the ""Games of the XV Olympiad"" held?",1952,491
What body of water lies to the south of Finland?,the Gulf of Finland,493
Name an animal that is growing in number due to recent conservation efforts,"Golden Eagle, Brown Bear, or Eurasian Lynx (Change imperative to interrogative)",495
"Today, are there more cell phone subscriptions than people in Finland?",yes,497
Is Matti Vanhanen the Prime Minister of Finland?,yes,499
Is the capital city Oslo?,no,501
Does it have a border with Norway?,yes,503
What is the life expectancy for men?,75 years,505
What is the biggest city in Finland?,Greater Helsinki,507
Who is the most popular rock group in Finland?,CMX,509
What is Finland's economy like?,"a highly industrialised, free-market economy",511
Where is Finland located?,Northern Europe,512
What is the weather like in summer?,relatively warm,514
Does salmon remain the favorite of fly rod enthusiasts?,Yes,516
Are there cathedrals scattered all across Finland?,Yes,518
"According to Reader's Digest, is Finland best for living?",Yes,520
When did the first verifiable written documents appear?,Twelfth Century,522
What is the capital city?,Helsinki,524
What is the most extensively celebrated holiday?,Christmas,526
Does a large proportion of the population speak Swedish as its mother tongue?,No,528
Do women live longer than men?,Yes,529
What is a country with which Finland is involved in an international conflict?,Finland is not involved in international conflicts or border disputes. ,532
Was Ford a member of the House of Representatives?,Yes,557
For how long was Ford a member of the House of Representatives?,Over eight years.,559
Was Gerald Ford a member of Delta Kappa Epsilon?,Yes,561
"Did ford get an award called ""Congressman's congressman""?",Yes,563
Did ford attend the University of Michigan?,Yes,565
What positions Ford played in the school football team?,Center and linebacker,567
What did Ford say about his biological father?,He was abusive and had a history of hitting his mother.,569
Who did Ford nominate for Vice President?,Bob Dole,571
Was Ford active about Vietnamese affairs?,No,573
hard,hard,574
Had Ford's wife married before?,Yes,576
Is Ford related with the assassination of John F. Kennedy?,Yes,578
Was Gerald Ford the 38th President of the United States?,yes,579
Did Gerald Ford serve as the Republican Minority Leader of the House of Representatives?,yes,581
Was Ford an Eagle Scout?,yes,583
What district was Ford elected from?,Michigan's 5th congressional district,585
How many Eagle Scouts were involved in Ford's funeral procession?,400,587
Which future Heisman Trophy winner did Ford tackle?,Jay Berwanger,589
Has another US President been an Eagle Scout?,no,591
Did Ford need to do extra work to pay for college?,yes,593
Have more than five Presidents lived past the age of 90?,no,595
How do kwajalein and eniwetok relate?,The Monterey supported landings at both locations.,597
"What did Ford receive on April 13, 1942?",Ford received a commission as ensign in the US Naval Reserve.,598
Was Ford released from the hospital?,Yes.,599
"Was Ford interred at his Presidential Museum in Grand Rapids, Michigan?",Yes.,600
Is Ford one of only four former Presidents to live to 90 or more years of age ?,Yes.,601
Was Ford the last surviving member of the Warren Commission ?,Yes.,602
"Did Grand Rapids supporters not urge him to take on Bartel J. Jonkman , the incumbent Republican congressman ?",No.,603
Did they not claim Ford 's pardon was quid pro quo in exchange for Nixon 's resignation ?,They did claim Ford's pardon was quid pro quo.,604
Does Ghana have twice the per capita output of the poorer countries in West Africa?,yes,605
Is English Ghana's official language?,yes,607
Did the Dutch build the Elmina Castle?,No,609
When did Ghana achieve independence from the United Kingdom?,1957,611
How many regions is Ghana divided into?,10,613
Who is the head of state of Ghana?,President John Agyekum Kofuor,615
What is the dominant religion in Ghana?,Christian,617
What are the two subfamilies of the Native Ghanaian languages?,Kwa and Gur,619
What is the weather like at Lake Volta?,Warm and comparatively dry,621
Is Ghana in Asia?,no,623
Is English the official language?,yes,625
Is Ghana's head of state John Agyekum Kufuor?,yes,627
What does the word Ghana mean?,warrior king,629
Who was Kwame Nkrumah?,founder and first president,631
Where is old Ghana in relation to present Ghana?,500 miles north,633
Who makes up Ghana's Parliament?,the New Patriotic Party and National Democratic Congress,635
What European countries established states in Ghana?,The UK,637
Does the Gray Wolf share an ancestry with the domestic dog?,Yes,663
Do wolf pups tend to have darker fur than adults?,Yes,665
Do wolves leave their pack?,Yes,667
What kinds of coats do wolves have?,bulky coats with two layers,669
Where do wolves have scent glands?,Helping the woldf to effectively navigate over large expanses while concurrently keeping others informed of its whereabouts.,671
How much do wolves weigh?,typically varies between 32 and 62 kilograms,673
Why do wolves howl?,"Howling helps pack members keep in touch, allowing them to communicate effectively in thickly forested areas or over great distances. Howling also helps to call pack members to a specific location. Howling can also serve as a declaration of territory, as shown in a dominant wolf&apos;s tendency to respond to a human imitation of a ""rival"" wolf in an area the wolf considers its own. ",675
What is surplus killing?,Surplus killing is defined as the killing of several prey animals too numerous to eat at one sitting.,677
Are Gray Wolves native to North America?,Yes,679
Is the Gray Wolf a mammal?,Yes,681
Are a wolf's teeth its main weapons?,Yes,683
Are wolves built for stamina?,Yes,685
Where is the largest gray wolf population thought to be found?,Kazakhstan,687
To what genus does the gray wolf belong?,Canis,689
When do wolves molt?,Late Spring or Early Summer,691
Why is it beneficial for alpha males and females to forcefully prevent other wolves from mating?,A pack can only suppport one littler per year,693
What type of tools do biologists use to capture wolves for tagging?,Darting and Foot hold traps.,695
"Forward, erect ears and slightly bristle hackles are a sign of what in wolves?",Dominance,697
Was Grover Cleveland born in New York?,no,699
Did Grover Cleveland win the 1884 election?,yes,701
Did Grover Cleveland support women's suffrage?,No,703
Where was Grover Cleveland married?,In the White House,705
What did Cleveland die from?,A heart attack,707
How many years after Cleveland left office did the U.S. win the Spanish-American War?,One Year,709
What did Cleveland's opponents say in 1884 to counter his innocent image?,That he had fathered an illegitimate child,711
Who did Cleveland run against in 1884?,former Senator James G. Blaine of Maine,713
Why did Cleveland want to hide his cancer surgery from the public?,To avoid further market panic,715
Was Grover Cleveland the twenty-seventh president of the United States?,No.,717
Is Grover Cleveland honest?,Yes.,719
Was Grover Cleveland married in the whitehouse?,Yes.,721
"When was he elected sheriff of Erire County, New York?",Yes.,723
When did he die?,June 24 1908,725
Which election did Grover Cleveland win?,1884 and 1892 presidential elections,727
Who were Grover Cleveland's parents?,"Cleveland was born in Caldwell, New Jersey to the Reverend Richard Cleveland and Anne Neal.",728
How many children did Grover Cleveland have?,5,730
Who lost control of his party to the agrarians and silverites in 1896?,Grover Cleveland,732
Is it true that he sent in federal troops to chicago?,yes,733
"Was Cleveland born in Caldwell, New Jersey to the Reverend Richard Cleveland and Anne Neal?",yes,734
"Was Grover Cleveland elected Sheriff of Erie County, New York?",yes,735
Was Cleveland 's portrait on the U.S. $ 1000 bill from 1928 to 1946 ?,yes,736
Is he buried in the Princeton Cemetery of the Nassau Presbyterian Church ?,yes,737
Did the Department of the Interior not charge that the rights of way for this land must be returned to the public because the railroads failed to extend their lines according to agreements ?,yes,738
"Did the team , sedating Cleveland with nitrous oxide -LRB- laughing gas -RRB- , not remove his upper left jaw and portions of his hard palate ?",yes,739
He became chief engineer in the Department of Bridges and Highways in what year?,in 1894,740
What led Becquerel to investigate the spontaneous emission of nuclear radiation?,phographic plates being fully exposed,741
Is it true that he married louise désirée lorieux in 1890?,yes,742
Is it true that he shared the nobel prize in physics?,yes,743
When did he marry louise désirée lorieux?,1890,744
Was Becquerel elected Permanent Secretary of the Académie des Sciences?,yes,745
"Was Becquerel born in Paris into a family which, including he and his son Jean, produced four generations of scientists?",yes,746
Who won the 1903 Nobel Prize in Physics for discovering radioactivity ?,Henri Becquerel,747
Did he not die at the age of 55 in Le Croisic ?,Yes he died at the age of 55,748
Did one places between the phosphorescent substance and the paper a piece of money or a metal screen not pierce with a cut-out design ?,yes,749
What happened in 1896?, Becquerel accidentally discovered radioactivity.,750
What happened with a bromide emulsion in two sheets of very thick black paper?,the plate does not become clouded upon being exposed to the sun for a day,751
Is there a becquerel crater on the moon and a becquerel crater on mars?,yes,752
Are the Javanese the largest and politically dominant ethnic group in Indonesia?,yes,753
Is Indonesia a monarchy with a presidential system?,no,755
Did the Japanese invasion and subsequent occupation during WWII end Dutch rule?,yes,757
In what year did East Timor secede from Indonesia?,1999,759
When did Islam become the dominant religion in Java and Sumatra?,the end of the 16th century,761
Does Indonesia have the world's hightest level of biodiversity?,no,763
Was Indonesia named after it became an independent country?,no,765
Why did Indonesia break off relations with the People's Republic of China?,because of anti-communist purges early in the Suharto era,767
Which spice originally attracted Europeans to Indonesia?,"nutmeg, cloves, or cubeb pepper",769
What is Jakarta?,Indonesia's special capital region,771
"What shares land borders with Papua New Guinea, East Timor and Malaysia?",Indonesia,772
What are the largest and politically dominant ethnic group?,the Javanese,773
What happens when the srivijaya kingdom formed trade links?,The indonesian archipelago became an important trade region,774
Is it true that indonesia has vast areas of wilderness?,yes,775
Is Indonesia a republic?,yes,776
Are Sports in Indonesia generally male-orientated?,yes,777
Is Indonesia the world's largest archipelagic state?,yes,778
Are sports in Indonesia generally male-orientated and spectator sports are often associated with illegal gambling ?,yes,779
Is Pencak Silat an Indonesian martial art ?,yes,780
Has Indonesia the world 's largest Muslim population ?,yes,781
Who has its own political legislature and governor ?,each province,782
Is it the world 's largest archipelagic state?,yes,783
Is it the world 's fourth most populous country and the most populous muslim-majority nation?,yes,784
Is indonesia a republic?,yes,785
Is James Monrow the fifth president of US?,Yes,810
What is the first word on the page?,James,812
What is the first number on the page?,28,814
When did Monroe's presidency expired?,"March 4, 1825",816
What is Monroe's father's name?,Spence,818
What is Monroe's daughter's name?,Maria Hester Monroe Gouverneur,820
"What does ""Era of Good Feelings"" refers to?",Reduced tension,822
Did Monroe' wedding happen at the Trinity Church in New York?,Yes,824
What is Monroe Doctrine?,A doctrine declaring U.S. opposition to European interference in the Americas.,826
Was James Monroe President of the United States?,yes,828
Did James Monroe attend the College of William and Mary?,yes,830
Did James Monroe fight in the Continental Army?,yes,832
Where was James Monroe born?,"Westmoreland County, Virginia",834
Where was James Monroe shot?,"at the Battle of Trenton, in his left shoulder",836
Who did James Monroe marry?,Elizabeth Kortright,838
What did James Monroe do before being elected governor?,He practiced law in Virginia.,840
In which years were John Monroe elected as President?,1817-1825,842
Who was John Monroe standing behind in the painting of  Washington Crossing the Delaware?,George Washington,844
When was James Monroe appointed to Secretary of War?,1814,846
When did James Monroe die?,"July 4, 1831",848
When did James Monroe graduate from William and Mary?,1776,850
When was James Monroe elected president?,"Monroe was elected president in the election of 1816, and re-elected in 1820.",852
Which property did James Monroe sell in 1817?,Monroe Hill on the grounds of the University of Virginia.,854
When did James Monroe introduce the Monroe Doctrine?,"December 2, 1823",856
Who did James Monroe live with in New York City?,His daughter Maria Hester Monroe Gouverneur,858
What did James Monroe's letters not contain?,No letters survive in which he might have discussed his religious beliefs.,860
What was the result of the rejection of the Jay Treaty?,"As a result, the two nations moved closer toward the War of 1812. ",862
Who is depicted holding the flag in the famous painting of Washington Crossing the Delaware?,Monroe,864
"What dwindled and eventually died out, starting with the Hartford Convention?",The Federalist Party,865
Is it true that he practiced law in fredericksburg?,yes,866
What did James Monroe make in 1817?,two long tours,867
Was Monroe anticlerical?,no,868
Was Monroe appointed Minister to France from 1794 to 1796?,yes,869
What expired on March?,Monroe's presidency,870
Had Monroe racked up many debts during his years of public life ?,yes,871
Who dismantled partisan and sectional coalitions ?,many congressmen,872
What happened in 1811?,Monroe returned to the Virginia House of Delegates and was elected to another term as governor of Virginia,874
What happened in the election of 1816?,Monroe was elected president,875
Who died in childbirth in 1772?,Margaret Miller,876
Who died in 1832?,Margaret Miller.,877
"Is watt commemorated by statuary in George Square, Glasgow and Princes Street, Edinburgh?",Yes.,878
"Was watt a gentleman, greatly respected by other prominent men of the Industrial Revolution?",Yes.,879
Was watt a fellow of the Royal Society of Edinburgh and the Royal Society of London?,Yes.,880
"Four years after opening his shop , Watt began what?","Watt began to experiment with steam after his friend, Professor John Robison, called his attention to it.",881
Was Watt ranked 22nd in Michael H. Hart 's list of the most influential figures in history ?,Yes.,882
Did John Adams represent the Continental Congress in Europe?,Yes.,883
Was Adams raised Congregationalist?,Yes.,885
Was Adams an opponent of the Stamp Act?,Yes.,887
When did Adams graduate from college?,1755.,889
Who was on the committee with Adams to draft  a Declaration of Independence?,"Thomas Jefferson, Benjamin Franklin, Robert R. Livingston and Roger Sherman.",891
What did Jefferson call John Adams?,"The ""Colossus of Independence"".",893
What was Adams' political party?,The Federalist Party.,895
Was Adams the first to introduce a bicameral legislature?,Yes.,897
Did John Adams get along with Alexander Hamilton?,No.,899
Did John Adams go to Harvard? ,yes,901
Did John Adams support the Stamp Act of 1765?,No,903
Is Adams' birthplace part of a national park?,yes,905
When did John Adams serve as Vice President?,1789-1797,907
With what party did Adams run for presidency?,The Federalist Party,909
Where is Adams buried?,United First Parish Church,911
Who were the midnight judges?,"They were a series of judges, so called because most of them were formally appointed days before Adams' presidential term expired",913
In what ways was Adams opposed by Anderw Hamilton?,Hamilton wanted to control the army differently than Adams,915
What information did he record in his diary?,Descriptions of events and ompressions of men,916
Who was defeated for re-election in the`` Revolution of 1800'' by Thomas Jefferson?,John Adams,918
Who represented the Continental Congress in Europe?,John Adams,919
What is now part of Adams National Historical Park?,John Adams' birthplace,920
Is it true that adams had spent some time as the ambassador?,yes,921
Is it true that massachuS08_setts sent him in 1774?,yes,922
Who did MassachuS08_setts send in 1774?,John Adams,923
"Are his last words often quoted as "" Thomas Jefferson survives "" . ?",yes,924
"The John Adams Library , housed at the Boston Public Library , contains what?","Adams's personal collection of more than 3,500 volumes",925
Adams ' opponents were what?,Democratic Republicans,926
"Did the election of 1800 not become a bitter and volatile battle , with each side expressing extraordinary fear of the other party and its policies ?",No.,927
What happened in 1764?,Adams married Abigail Smith,928
Is a kangaroo a reptile?,no,929
Is a kangaroo on the Australian coat of arms?,yes,931
"Was James Cook the first to record the name ""Kangooroo?""",yes,933
What is a collective noun for kangaroos?,"mob, troop, or court",935
Where do joeys complete postnatal development?,marsupium,937
"What do kangaroos use for ""crawl-walking?""",its hind feet,939
Why do kangaroos have a wide bite?,The two sides of the lower jaw are not joined together and the lower incisors are farther apart.,941
What is responsible for converting the hydrogen byproduct of fermentation into acetate?,bacteria,943
Are wild kangaroos shot for meat?,yes,945
Have kangaroos fared well since European S08_settlement?,yes,947
Do kangaroos have many natural predators?,no,949
What is the average life expectancy of a kangaroo?,4.6 years,951
When did the first official report of kangaroo blindness take place?,1994,953
What are vehicles that frequent isolated roads often fitted with?,roo bars,955
Do kangaroos eat plants?,yes,957
What are some extinct predators of the kangaroo?,"Thylacine, Marsupial Lion, Maagalania, and Wonambi",959
Is a Kangaroo a Marsupial?,Yes,962
Is the kangaroo an herbivour?,Yes,964
Are Kangaroos Shy?,Yes,966
What method of locomotion do Kangaroos Use?,hopping,968
What is a collective noun for a kangaroo?,"a mob, troop, or court",972
What is a roo?,a kangaroo,974
What is used to protect a vehicale from a Kangaroo?,roo bars,976
What method is used by Kangaroos to travel?,hopping,978
Who asked a nearby local what the creatures were called?,Captain James Cook and naturalist Sir Joseph Banks,979
What are four species that are commonly referred to as kangaroos?,"The Red Kangaroo, The Eastern Grey Kangaroo, The Western Grey Kangaroo, and The Antilopine Kangaroo",980
Are kangaroos and wallabies adept swimmers?,yes,981
Are kangaroos farmed to any extent?,No.,982
Who also discovered that less than three percent of kangaroos exposed to the virus developed blindness ?,Veterinarians,983
Different species of kangaroos eat what?,different diets,984
Have Kangaroos dazzled by headlights or startled by engine noise been known to leap in front of cars ?,yes,985
Is a collision with a vehicle capable of killing a kangaroo ?,yes,986
Was the game of Marn grook played using a ball made from kangaroo by the Kurnai people ?,yes,987
"Have kangaroos large , powerful hind legs , large feet adapted for leaping , a long muscular tail for balance , and a small head ?",yes,988
"Is a kangaroo a marsupial from the family macropodidae -LRB- macropods , meaning (`` ` large foot ('' ' -RRB-?",yes,989
What kinds of changes have larger kangaroos adapted much better to?,Changes wrought to the Australian landscape by humans.,990
Have larger kangaroos adapted much better to changes?,yes,991
Is the leopard smaller than the other members of Panthera?,yes,992
Is a leopard larger and less lanky than a cheetah?,yes,994
Are large pythons potential prey for leopards?,yes,996
What may a leopard be mistaken for?,A cheetah or a jaguar,998
What is a hybrid animal resulting from a union between a leopard and a puma?,a pumapard,1000
Where do leopards often hide their kills?,in dense vegetation,1002
How did early naturalists distinguish between leopards and panthers?,by the length of their tails,1004
What are dark leopards known as colloquially?,Black Panthers,1006
What shape are a leopard's black roS08_settes in East Africa?,circular,1008
Is the leopard an Old World mammal?,yes,1010
Is the leopard of the Felidae family?,yes,1013
Is the leopard one of the four 'big cats'?,yes,1016
Where is the leopard distributed?,southern Eurasia and Africa,1019
How long is a leopard's tail?,60 to 110cm,1022
How much does a leopard weigh?,Males are considerably larger than females and weigh 37 to 90 kg compared to 28 to 60 kg for females. ,1025
Does a male leopard weigh more than a female leopard?,yes,1028
What is the difference between leopards and cheetahs?,The leopard has roS08_settes rather than cheetah's simple spots and the leopard is larger and less lanky than the cheetah.,1031
How does the distribution size of the leopard compare to the distribution of other wild cats?,"As of 1996, the leopard had the largest distribution of any wild cat, although populations before and since have shown a declining trend and are fragmented outside of subsaharan Africa.",1034
What resembles that of the similarly-sized cougar in the Americas?,The leopard's ecological role,1037
"What was one of the many species described in Linnaeus's 18th-century work, Systema Naturae?",Felis pardus,1038
What sort of cats are solitary?,Leopards,1039
Are leopards circular?,No,1040
Is the leopard solitary?,Yes,1041
What centred in Sierra?,The leopard men,1042
Felis pardus was what?,"One of the many species described in Linnaeus's 18th-century work, Systema Naturae",1043
Has the New Zealand Rugby League featured the Otahuhu Leopards and then the Tamaki Leopards ?,Yes,1044
Were the Leopard men a West African secret society who practised cannibalism ?,Yes,1045
Was the leopard tank a German designed tank which entered service in 1965 ?,Yes,1046
Is the black color heritable and caused by only one recessive gene locus ?,Yes,1047
"Is the leopard -LRB- panthera pardus -RRB- an old world mammal of the felidae family and the smallest of the four (`` ` big cats ('' ' of the genus panthera , along with the tiger , lion , and jaguar?",Yes,1048
Can a panther be any of several species of large felid?,Yes,1049
Is the leopard an agile and graceful predator?,Yes,1050
Is Liechtenstein bordered by Switzerland?,Yes,1051
Is Liechtenstein the smallest German-speaking country in the world?,Yes,1053
Was Liechtenstein part of the ancient Roman province of Raetia?,Yes,1055
When was the first factory opened?,1836,1057
How many municipalities is Liechtenstein divided into?,11,1059
What is the national currency of Liechtenstein?,Swiss franc,1061
Has Leichtenstein worked to promote the county's image by prosecuting international money-laundering?,Yes,1063
What company administers Leichtenstein's railways?,Austrian Federal Railways,1064
What percentage of Liechtenstein's population is foreign-born?,two-thirds,1066
Is there an airport in Liechtenstein?,No.,1068
Is Liechtenstein heavily urbanized?,No.,1070
Is Liechtenstein doubly landlocked?,Yes.,1072
Does Liechtenstein have an army?,No.,1074
When was Liechtenstein's current constitution adopted?,October 1921.,1076
What is the official language of Liechtenstein?,German.,1078
What countries border Liechtenstein?,Switzerland and Austria.,1080
What Roman province was Liechtenstein part of?,Raetia.,1082
How many municipalities are within Oberland?,6.,1084
What is the smallest German-speaking country in the world?,Liechtenstein,1086
"The Savings and Loans Bank was founded, as was the first cotton-weaving mill in what year?",1861,1087
What enjoys one of the world's highest standards of living?,Liechtenstein's population,1088
Does the state court rule on the conformity of laws?,Yes,1089
What do most recognizable international company and largest employer have in common?,They are Hilti.,1090
Was Liechtenstein completed in November 2000?,No,1092
What completed in November?,the Kunstmuseum Liechtenstein,1093
The State Court rules what?,on the conformity of laws with the constitution,1094
The Historical Society of the Principality of Liechtenstein plays what?,a role in preserving the culture and history of the country.,1095
Is the museum collection also the national art collection of Liechtenstein ?,Yes,1096
Is there a small heliport at Balzers in Liechtenstein available for charter helicopter flights ?,Yes,1097
Are nationals referred to by the plural : Liechtensteiners ?,Yes,1098
"Is it a winter sports resort , although it is perhaps best known as a tax haven ?",Yes,1099
Is it a winter sports resort?,Yes,1100
Is it the smallest german-speaking country in the world?,Yes,1101
"What happened in moravia , lower austria , silesia , and styria , though in all cases , these territories were held in fief under other more senior feudal lords?",The Liechtenstein Dynasty acquired vast swaths of land,1102
"Did Webster write, ""I can now sleep of nights""?",Yes.,1103
Was the arrival of Louis Kossuth (exiled leader of a failed Hungarian revolution) another issue that presented itself during Fillmore's presidency?,Yes,1105
"Did he die at 11:10 p.m. on March 8, 1874, of the after-effects of a stroke?",Yes,1107
Who got Seward elected to the senate?,Weed,1109
Where was Commodore Matthew C. Perry sent to open Japan to Western trade?,Japan,1111
What is The Remarkable Millard Fillmore?,A fake biography based on real events that happened in Fillmore's life.,1113
Did Fillmore form a law partnership before or after he founded the private University of Buffalo?,Before.,1115
Did Fillmore run for President a second time?,Yes,1117
How long after the death of his first wife did Fillmore marry Caroline McIntosh?,where is the death date of his first wife?,1119
Was Millard Fillmore the thirteenth President of the United States?,yes,1120
"Was Millard Fillmore born on January 7, 1800?",yes,1123
"Did Millard Fillmore die on March 8, 1974?",no,1126
Where was Millard Fillmore born?,"in a log cabin in Summerhill, New York",1129
To whom was Millard Fillmore born to?,to Nathaniel and Phoebe Millard Fillmore,1132
Who did Millard Fillmore fall in love with?,He fell in love with Abigail Powers,1135
What did Taylor and Fillmore disagree upon?,slavory issues,1138
How did Fillmore ascend to the presidency?,"upon the death of the sitting president, Taylor",1141
How did the supporters of Henry Clay feel about Fillmore in 1848?,they were ok with him,1144
Who was first apprenticed to a fuller to learn the cloth-making trade?,millard fillmore,1147
He founded the private university of buffalo on what date?,1846,1148
Who or what fell in love with abigail powers?,millard fillmore,1149
Was Fillmore one of the founders of the University of Buffalo?,yes,1150
Was Another primary objective of Fillmore to preserve the Union from the intensifying slavery debate?,yes,1151
"Was Fillmore the second Chancellor, a position he maintained while both Vice President and President?",no,1152
Is Fillmore the first of two presidents to have been an indentured servant ?,yes,1153
Is the comic strip Mallard Fillmore named after the president ?,yes,1154
Was Fillmore the first U.S. President born after the death of a former president ?,yes,1155
"Did Fillmore not turn down the honor , explaining that he had neither the `` literary nor scientific attainment '' to justify the degree ?",no,1156
"What happened in a log cabin in summerhill , new york?",Fillmore was born,1157
"Who was born precisely at midnight during an electrical storm , to a Serbian family in the village of Smiljan near Gospić , in the Lika region of the Croatian Krajina in Military Frontier ( part of the Austrian Empire ) , in the present-day Croatia . ?",Nikola Tesla,1158
Are there at least two films describing Tesla 's life ?,Yes.,1159
Have a number of live theatrical plays based on Tesla 's life been produced and staged worldwide ?,yes.,1160
Do sea otters have long muscular tails?,no,1161
Can otters survive in cold water?,yes,1163
Does the giant otter inhabit South Africa?,no,1165
How many species of otter are there?,13,1167
What do river otters eat?,"a variety of fish and shellfish, as well as small land mammals and birds",1169
How much do sea otters weigh?,30 kg (about 65 pounds),1171
How do sea otters insulate themselves?,a layer of air trapped in their fur(!),1173
Why are sea otters nearly extinct?,They've been hunted for their fur,1175
What is one of the challenges of re-establishing a population of Eurasian otters in the UK?,roadkill deaths,1177
Is otter a kind of mammal?,yes,1179
How many species and genera does otter have?,13 species and 7 genera,1181
Do otters live in water?,yes,1183
Where do sea otters live?,Sea otters (Enhydra lutris) live along the Pacific coast of North America. ,1187
"Where does the word ""otter"" derive from?","The word ""otter"" derives from the Old English word otr, otor or oter. ",1189
Does otter give birth or lay egg?,give birth,1191
What drives sea otter almost to extinction?,Humans hunted them almost to extinction. ,1192
Why otters are considered as totem animals?,"The time of year associated with this is also associated with the Aquarius sign of the Zodiac, through which the sun passes January 20-February 19. ",1194
Do sea otters live along the Pacific coast?,Yes,1195
Are otters totem animals?,Yes,1197
Are otters herbivores?,No,1198
What is the primary item in an otter's diet?,Fish.,1200
What is an otter's den called?,Holt,1202
Why is the giant otter becoming increasingly rare?,"Poaching, habitat loss, and toxins in gold mining.  ",1204
How do otters keep themselves warm without blubber?,A layer of air trapped in their fur.  ,1206
How are otters playful animals?,"The slide down snowy slopes, apparently for sheer enjoyment.  ",1208
What animals are related to otters?,"weasels, polecats, and badgers",1210
"What traps a layer of air, and keeps them dry and warm under water?",Long guard hair,1211
The collective noun romp is sometimes used for a group of what?,Otters,1212
Is it true that otters eat a variety of fish?,yes,1213
Are otters playful animals?,yes,1214
Are otters very active?,yes,1215
Are male otters dog-otters?,yes,1216
An otter 's den is what?,A holt,1217
Sea otters eat what?,Shellfish and other invertebrates,1218
Is the myth of Otter 's Ransom the starting point of the Volsunga saga ?,yes,1219
"Are Male otters dog-otters , females are bitches and babies are cubs or pups ?",yes,1220
Is an otter 's den called a holt ?,yes,1221
"Have most otters fish as the primary item in their diet , supplemented by frogs , crayfish and crabs ?",yes,1222
Do penguins feed on krill?,yes,1223
What is the largest living species of penguin?,Emperor Penguin,1225
Do penguins live almost exclusively in the Southern Hemisphere?,yes,1227
"What is ""tobogganing""?",when penguins slide on their bellies across the snow,1229
Why are penguins countershaded?,for camouflage,1231
Are penguins afraid of humans?,no,1233
How much time to penguins spend on land?,half of their life,1235
How many species of penguins are there?,between 17 and 20 living species,1237
How are Isabelline penguins different from most penguins?,they have brown rather than black plumage,1239
Are penguins birds?,yes,1241
Do penguins have a better than average sense of hearing for birds?,yes,1243
"Are penguins considered ""higher waterbirds""?",yes,1245
What order do penguins belong to?,Sphenisciformes,1247
How tall were the tallest prehistoric penguins?,1.80 meters,1251
What makes penguins so agile in the water?,Their wings have become flippers,1253
"Why do penguins ""tobaggan""?",It conserves energy while moving quickly,1255
Who spend half of their life on land and half in the oceans?,Penguins,1257
What is also the distance that Antarctic tourists are told to keep from penguins?,3 meters,1258
"What have become flippers, useless for flight in the air?",Penguins' wings,1259
What happens when mothers lose a chick?,"They sometimes attempt to ""steal"" another chick.",1260
Is it true that each penguin gets a turn in the center?,Yes,1261
Are all penguins countershaded?,Yes,1262
Are penguins astonishingly agile?,In the water they are.,1263
Are penguins at risk?,Yes,1264
"Is it also possible that penguin comes from the Latin pinguis , fat ?",Yes,1265
Have penguins an average sense of hearing for birds ?,Yes,1266
Can larger penguins dive deep in case of need ?,Yes,1267
"Is the smallest penguin species the Little Blue Penguin -LRB- also known as the Fairy Penguin -RRB- , which stands around 40 cm tall -LRB- 16 in -RRB- and weighs 1 kg -LRB- 2.2 lb -RRB- ?",Yes,1268
"Is it not even known whether the gigantic palaeeudyptines constitute a monophyletic lineage , or whether gigantism was evolved independently in a much restricted Palaeeudyptinae and the Anthropornithinae ?",It is not even known.,1269
Is the largest living species the emperor penguin -LRB- aptenodytes forsteri -RRB-?,Yes,1270
"Is the smallest penguin species the little blue penguin -LRB- also known as the fairy penguin -RRB- , which stands around 40 cm tall -LRB- 16 in -RRB- and weighs 1 kg -LRB- 2?",Yes,1271
What happened in a region not quite 2000 km south of the equator 35 mya?,At least one giant penguin.,1272
What is the last word on the page?,Connecticut,1273
Is polar bear a mammal?,Yes,1275
Is polar bear a carnivore?,Yes,1277
What is largest polar bear on record?,2200 lb,1279
What is polar bear's skin color?,white or cream,1281
How long is polar bear's guard hair?,5-15 cm,1283
What is cause of polar bear's skin diseases?,mites or other parasites,1285
Why polar bear is a special species?,"The World Conservation Union listed polar bears as a vulnerable species, one of three sub-categories of threatened status, in May 2006. Their latest estimate is that 7 out of 19 subpopulations are declining or already severely reduced.",1287
What do fossil and DNA evidence tell us?,The polar bear diverged from the brown bear about 200 thousand years ago.,1288
Does a polar bear live in the Arctic?,yes,1290
Is a polar bear white in color?,yes,1292
Is a polar bear at high risk of extinction?,yes,1294
How heavy is a male polar bear?,300-600 kg (660-1320 lb),1296
How heavy was the largest polar bear on record?,1002 kg (2200 lb) ,1298
What does a polar bear's fur provide?,It provides the animal with effective camouflage.,1300
Do female polar bears weight more than the male?,no,1302
How much weight do female polar bears gain during pregnancy?,They gain double their weight.,1304
Can polar bears be seen under infrared photography?,Polar bears are nearly invisible under infrared photography.,1306
What is actually black in color?,A polar bear's skin.,1308
What insulate it against the cold?,Its think blubber and fur.,1309
What includes a lengthy justification of why this species is listed as vulnerable?,Database entry.,1310
What do with greenpeace and the natural resources defense council have in common?,They filed lawsuits in California.,1311
Are studies insufficient evidence for global protection?,It is arguable.,1312
Are polar bears excellent swimmers?,yes,1313
"A semi-aquatic marine mammal , the polar bear has what?","It has adapted for life on a combination of land, sea, and ice.",1314
Garbage is what?,"Garbage is now recycled or transported to Thompson, Manitoba.",1315
The bears sometimes what?,They sometimes have problems with various skin diseases with dermatitis caused sometimes by mites or other parasites.,1316
Is the Polar Bear the mascot of Bowdoin college ?,yes,1317
Have thumbpolar bears been made both controversial and famous for their distinctive white fur and their habitat ?,yes,1318
"Did Mitchell Taylor , the Nunavut Government Manager of Wildlife Research , not write a letter to the U.S. Fish and Wildlife Service arguing that local studies are insufficient evidence for global protection at this time ?",no,1319
Are Cubs born in December without awakening the mother ?,yes,1320
Does Qatar rank as the eighth richest country in the world per capita?,No.,1321
Do nearly all Qataris profess Islam?,Yes.,1323
Can women legally drive in Qatar?,Yes.,1325
When did Qatar become an independent state?,"September 3, 1971.",1327
Where is Qatar's telecommunication system centered?,Doha.,1329
Where did a suicide-bombing kill a teacher in 2005?,At the Doha Players Theatre.,1331
Does the native pronunciation of Qatar sound like 'cutter'?,Yes.,1333
What is the Arabic word for municipalities?,baladiyah.,1335
What universities are in Education City?,"Carnegie Mellon University, Georgetown University School of Foreign Service, Texas A&M University, Virginia Commonwealth University, and Cornell University's Weill Medical College.",1337
What carried with it a tacit recognition of Qatar's status as distinct from Bahrain?,The British Protectorate (per Colonel Lewis Pelly) asking to negotiate with a representative from Qatar after Bahrain's violation of the 1820 Anglo-Bahraini Treaty.,1339
Qatar became an independent sovereign state in what year?,"On September 3, 1971.",1340
"What consists of a low, barren plain, covered with sand?",Much of the country.,1341
How do qatar and the wider region relate?,Qatar is aiming to become a role model for economic and social transformation in the region. Large scale investment in all social and economic sectors will also lead to the development of a strong financial market.,1342
Was Qatar University founded in 1973?,Yes,1343
Is Qatar bordered by Saudi Arabia to the south?,Yes,1344
What bordered by Saudi?,Qatar,1345
Who served as the headquarters and one of the main launching sites of the US invasion of Iraq in 2003 ?,Qatar.,1346
Has Qatar a modern Telecommunication system centered in Doha ?,Yes,1347
Was Qatar University founded in 1973 ?,Yes,1348
"Did the Qataris not choose as their negotiator the respected entrepreneur and long-time resident of Doha , Muhammed bin Thani ?",Yes,1349
Will oil and gas probably remain the backbone of Qatar 's economy for some time to come ?,Yes,1350
"Has it been created with a long term perspective to support the development of Qatar and the wider region , develop local and regional markets , and strengthen the links between the energy based economies and global financial markets ?",Yes,1351
What happened in these positions in english?,These allophones cannot occur there.,1352
Can these allophones not occur in these positions in english?,yes,1353
"Is -RRB- , officially the state of qatar -LRB- arabic (: : transliterated as dawlat qatar -RRB- , an arab emirate in southwest asia?",Yes,1354
Does Romania border Hungary?,Yes.,1355
Is Romania a secular state?,Yes.,1357
Is the president elected by popular vote?,Yes.,1359
How many counties is Romania divided into?,41.,1361
What is the highest mountain in Romania?,Moldoveanu Peak.,1363
What is the official language of Romania?,Romanian.,1365
Is the Romanian economy doing well?,Yes.,1367
Are there many Roma in Romania?,No.,1368
How many territories joined to form Romania?,2.,1370
Does Romania share a border with Ukraine?,yes,1372
Did Romania declare neutrality during World War I?,yes,1374
Does Romania share the same language with Moldova?,yes,1376
"Who was the first gymnast to score a perfect ""ten""?",Nadia Comăneci,1378
What is the largest city in Romania?,Bucharest,1380
What is the largest ethnic minority in Romania?,Hungarians,1382
How many countries in Europe are bigger than Romania?  ,eleven,1384
Why doesn't Romania have a state religion?  ,Romania is a secular state,1386
Why wasn't Romania neutral during World War II?,it received a Soviet ultimatum,1387
"Sibiu, a large city in Transylvania, was chosen as European Capital of Culture in what year?",2007,1389
"What are approximately 42,000 years old and have been nicknamed`` John of Anina''?",the remains (the lower jaw) of the oldest modern human,1390
"Is it true that romania has a population of 21,698,181?",Yes,1391
What do economy and law have in common?,(not sure how to answer this),1392
What did Tourism in Romania attract in 2005?,investments worth 400 million euros,1393
Is Romania a semi-presidential unitary state?,Yes,1395
Is Romania a semi-presidential democratic republic where executive functions are shared between the president and the prime minister ?,Yes,1398
Was Gellu Naum the leader of the surrealist movement in Romania ?,Yes,1399
Was the Bucharest Metro only opened in 1979 ?,Yes,1400
"Is romania -LRB- , -RRB- a country in southeastern europe?",Yes,1401
Is romania a semi-presidential unitary state?,Yes,1402
Do singaporeans enjoy squid?,"Yes, they do.",1403
Did Singapore's standard of living decrease since independence?,"No, the standard living was raised.",1406
Did the media contribute 15.6% to Singapore's GDP in 2001?,"No, it contributed 1.56% to GDP in 2001.",1409
How many people use the bus network daily?,More than 2.78 million people.,1412
Where did Orang Laut people live?,"Orang Laut people lived around the coast, rivers and smaller islands.",1415
What is the MRT?,One of three heavy rail passenger transport lines in Singapore.,1418
How is Singapore's climate characterized?,Singapore has a tropical rainforest climate with no distinctive seasons.,1421
How much increase in the media's contribution to GDP is the government seeking?,The government seeks to increase its GDP contribution to 3% by 2012. ,1424
How many days did it take the Imperial Japanese Army to win the Battle of Singapore?,Six days,1427
Is Singapore located at the southern tip of the Korean Penisula?,no,1430
Is Singapore a city-state?,yes,1432
Has Sang Nila Utama visited Singapore?,yes,1434
"What does ""singa"" mean?",lion,1436
When is the first record of S08_settlement in Singapore?,second century AD,1437
Which nation invaded Singapore during World War II?,Japan,1439
"Why Churchill called the occupation of Singapor by Janpan during WWII ""Britain's greatest defeat""?",The British were defeated in six days,1441
Was Lee Kuan Yew a successful leader of Singapore?,yes,1442
When did Goh Chok Tong succeed Lee as Prime Minister?,"In 1990, Goh Chok Tong succeeded Lee as Prime Minister.",1444
What is the primary domestic source of water supply?,The primary domestic source of water supply in Singapore is rainfall.,1446
What is the national language of Singapore?,The national language of Singapore is Malay.,1448
Where is the National Orchid Garden?,Singapore Botanic Gardens.,1450
Why are relations with Malaysia and Indonesia important?,"Due to obvious geographical reasons, relations with Malaysia and Indonesia are most important.",1452
What is the most densely populated independent country in the world?,Monaco,1454
Who did Sir Thomas Stamford Raffles work for?,British East India Company,1456
When was Lee Kuan Yew prime minister of Singapore?,1959,1458
What is the punishment for first-degree murder?,There are laws which allow capital punishment in Singapore for first-degree murder and drug trafficking.,1460
What established a trading post on the island in 1819?,British East India Company ,1462
What used Singapore as a strategic trading post along the spice route?,British,1463
What became one of the most important commercial and military centres of the British Empire?,Singapore,1464
"Who boasted a sizeable community of 100,000 by 1869?",British India office,1465
How do reservoirs and water relate?,"By 2001, there were 19 raw water reservoirs, 9 treatment works and 14 storage or service reservoirs locally to serve domestic needs. ",1466
Is it true that singapore has several long - standing disputes with malaysia?,Yes,1467
Has Singapore Changi Airport a network of 81 airlines connecting Singapore to 185 cities in 58 countries ?,Yes,1468
Has Singapore a network of reservoirs and water catchment areas ?,Yes,1469
"Has Urbanization eliminated many areas of former primary rainforest , with the only remaining area of primary rainforest being Bukit Timah Nature Reserve ?",Yes,1470
"Does the economy not depend heavily on exports refining imported goods , especially in manufacturing ?",No,1471
"Is singapore -LRB- ; (: ; , -RRB- , officially the republic of singapore -LRB- ; (: ; , -RRB- , an island nation located at the southern tip of the malay peninsula?",Yes,1472
Is singapore the 17th wealthiest country in the world in terms of gdp per capita?,No,1473
Was Thedore Roosevelt  a member of the Republican Party?,Yes,1474
Does Theodore Roosevelt have a brother?,Yes,1476
Did Theodore Roosevelt go to Harvard?,Yes,1478
Where was Theodore Roosevelt born?,28 East 20th Street in the modern-day Gramercy section of New York City,1480
What did Roosevelt do to improve his physical condition?,Roosevelt took up exercise,1482
Why did Roosevelt start Boxing lessons?,To deal with bullies,1484
What was the nickname of Theodore Roosevelt's sister Anna?,Bamie as a child and Bye as an adult,1486
What was Roosevelt's justification for supporting desegregation of schools in New York?,Noting that his children had been educated with other races and there was nothing wrong with it,1488
How did newspapers respond to Roosevelt inviting Brooker T. Washington to dinner at the White House?,mixing of the races on social occassions,1490
Did Theodore Roosevelt study Judo?,No,1492
Did Roosevelt receive a Medal of Honor?,yes,1494
Did Roosevelt study biology?,yes,1496
Where was Theodore Roosevelt from?,Gramercy section of New York City,1498
Who was Roosevelt's presidential hero?,Lincoln was Roosevelt's presidential hero.,1500
When did Roosevelt die?,"On January 6, 1919, Roosevelt died in his sleep.",1502
Who helped to fund Roosevelt's African safari?,Financed by Andrew Carnegie and his own proposed writings,1504
Did Roosevelt support racial integration in schools?,yes,1506
Was Roosevelt's family rich?,yes,1508
Are turtles ectothermic?,Yes,1510
Does the mother care for the young?,No,1512
Are turtles pets?,Yes,1514
What shape are the eggs of the larest species of turtle?,Spherical,1516
How often do turtles breed?,Every few years or more,1518
What do all turtles and tortoises breathe?,air,1519
How do turtles reproduce?,They lay eggs,1521
What has been discovered about turtles organs?,They do not gradually break down or become less efficient over time,1523
What suborder of turtle draws its head into its shell?,Pleurodira,1525
Do sea turtles lay eggs on dry sandy beaches?,Yes,1527
Are Pleurodira known as side-necked turtles?,Yes,1529
Are turtles a part of the Flying Spaghetti Monster?,*shrug*,1531
How many suborders are turtles divided into?,Three.,1532
Name a turtle popularly kept as a pet.,Russian Tortoises,1534
Name four related articles for the article on turtles.,"Triassic, Ernst Haeckel, Kunstformen der Natur, Animal",1536
"If a turtle egg was kept warm, what would likely hatch?",A female turtle.,1538
What do turles use to breathe in the water?,Papillae,1540
Why are side-necked turtles called side-necked turtles?,Because of the way they withdraw their heads into their shells.,1541
Do turtles lay eggs underwater?,No,1543
Are turtle eggs leathery and soft?,Yes,1545
Are turtles being examined for longevity genes?,Yes,1547
What suborder of turtles is extinct?,Paracryptodira,1549
What do turtle eggs preared to eat consist mainly of?,Yolk,1551
Where do sea turtles lay their eggs?,Holes Dug into the Mud or Sand,1552
What is the smallest suborder of turtles?,Pleurodira,1554
What are turtle eggs covered in when they incubate?,Mud or Sand,1556
What type of creatures breathe air and don't lay eggs underwater?,Amniotes,1558
What are deposited in holes dug into mud or sand?,eggs,1560
What sort of turtles are ectothermic?,all of them,1561
Are the largest turtles aquatic?,yes,1563
Is aquatic respiration in Australian freshwater turtles being studied?,yes,1564
"These projections , called papillae , have what?",a rich blood supply,1565
The eggs of the largest species are what?,spherical,1566
Has this inspired genetic researchers to begin examining the turtle genome for longevity genes ?,yes,1567
Can turtles take many years to reach breeding age ?,yes,1568
Are Immature sea turtles not cared for by the adults ?,yes,1569
"Are the Pleurodira sometimes known as the side-necked turtles , a reference to the way they withdraw their heads into their shells ?",yes,1570
"Does the Order Testudines not include both extant -LRB- living -RRB- and extinct species , the earliest known turtles being from around 215 million years ago ?",yes,1571
Was Ulysses Grant a general in the American Civil War?,Yes,1572
Was Grant's father-in-law a Democrat?,Yes,1574
Did Ulysses win the Battle of Champion Hill?,Yes,1576
Who was Grant's brother in law?,Fred Dent,1578
Where was Grant born?,"Point Pleasant, Ohio",1580
What was Grant's political affiliation?,Republican,1582
"Why did Grant say ""Damn, I had nothing to do with this batte.""?",It went well.,1584
Did Horace Greenley lose in the presidential elections of 1872?,Yes,1586
Why did Grant think that war was unjust?,He thought it was designed to gain land open to slavery.,1588
Who achieved international fame as the leading Union general in the American Civil War?,Grant,1590
Grant was elected president as a Republican in what year?,1868,1591
Who took a hard line that reduced violence by groups like the Ku Klux Klan?,Grant,1592
When did he vote for democrat james buchanan?,1856,1593
"Who did President Lincoln promote of major general in the regular army, effective July 4?",Grant,1594
Was Grant elected president as a Republican?,yes,1595
What was from Pennsylvania?,His father,1596
Was it a two-sentence description that completely caught the essence of Ulysses S. Grant ?,yes,1597
Was Grant 's favorite brand of bourbon whiskey Old Crow ?,yes,1598
Had he smoked only sporadically ?,yes,1599
"Did Grant & Perkins not sell harnesses , saddles , and other leather goods and purchase hides from farmers in the prosperous Galena area ?",they did,1600
Is the famous dragon gate at the entrance to the district at the corner of Grant and Bush Street ?,yes,1601
What happened in 1865?,he accepted the surrender of Robert E. Lee,1602
What happened in recent years?,his reputation as president has improved,1603
Is Uruguay located in the northwesten part of Africa?,No.,1604
Is Uruguay's capital Montevideo?,Yes.,1606
Does Uruguay have cold summers?,No.,1608
Who founded Montevideo?,The Spanish.,1610
Where is Uruguay's oldest church?,"San Carlos, Maldonado.",1612
Who heavily influenced the architecture and culture of Montevideo?,European immigrants.,1614
What are poor neighborhoods called informally?,Cantegriles.,1616
Is uruguay's landscape mountainous?,No.,1618
What religion do most Uruguayans profess?,None.,1620
Is Uruguay located in South America?,Yes. It's located in the southeastern part,1622
Can citizens propose changes to the Constitution?,Yes. People are allowed to challenge laws.,1624
Did Uruguay host the first ever World Cup?,"Yes, in 1930.",1626
How many square kilometres of continental land is Uruguay?,176.215 km�� ,1630
How much of the population is of white European descent?,88%,1632
Why was the capital of Uruguay founded?,For a military stronghold.,1634
How many times has Uruguay won the World Cup?,Twice. ,1636
How much is the average income of an African woman compared to a European man?,African women earns 0.65 * 0.718  = 46.67% of a European man earns in average,1638
Does Uruguay recognize same-sex civil unions?,Yes,1639
Does Uruguay border French Guiana?,No,1641
Is Uruguay's warmest month June?,No,1643
What does a citizen use to propose changes to the Constitution?,Referendum,1645
What religions are found in Uruguay?,"Roman Catholic, Protestant, Jewish, and nonprofessing.",1649
What has Uruguay done to be competitive in agriculture?,"Labeling as ""Natural"" or ""Ecological""",1651
What are the names of Uruguay's political parties?,Partido Colorado and Partido Blanco,1653
Is Uruguay the smallest soverign nation in South America?,No,1655
What was founded by the Spanish in the early 18th century as a military stronghold?,Montevideo,1657
What has many possible meanings?,(What?),1658
How do india and latin america relate?,Uruguay exports architectural services to India and Latin America,1659
What did Uruguay win in 1828?,Its independence,1660
Is Uruguay very common?,No?,1661
Is The climate in Uruguay temperate?,Yes,1662
Is the main sport in Uruguay football ?,Yes,1663
"Is Uruguay 's oldest church in San Carlos , Maldonado ?",Yes,1664
Is Uruguay a member of the Cairns Group of exporters of agricultural products ?,Yes,1665
Is it widely considered the most secular nation in Latin America ?,Yes,1666
"Is it the second smallest independent country in south america , larger only than suriname and the french overseas department of french guiana?",Yes,1667
"Is it a constitutional democracy , where the president fulfills the roles of both head of state and head of government?",Yes,1668
Was Woodrow Wilson the thirtieth President of the United States?,no,1669
Did Woodrow Wilson create the League of Nations?,yes,1671
Did the U.S. join the League of Nations?,no,1673
Where was the League of Nations created?,Paris,1675
When was Woodrow Wilson born?,"December 28, 1856",1677
Who was President when Wilson finished Congressional Government?,Grover Cleveland,1679
What field did Woodrow Wilson leave law practice to study?,history and political science,1681
What caused Wilson to ask Congress to declare war on the Central Powers?,German began unrestricted submarine warfare,1683
What was more damaging than moving students into colleges?,His confrontation with Andrew Fleming West,1685
Was Wilson a member of the Phi Kappa Psi fraternity?,yes,1686
Was Wilson an automobile enthusiast?,yes,1688
Did Wilson's father own slaves?,yes,1690
Where is Wilson buried?,He was buried in Washington National Cathedral,1692
Where did Wilson attend law school?,Wilson attended law school at University of Virginia,1694
Where was Woodrow Wilson born?,"Woodrow Wilson was born in Staunton, Virginia",1696
Did Wilson support desegregation?,no,1698
Did Wilson support the committee system?,no,1700
Did Wilson have any siblings?,yes,1702
What was Scots-Irish and Scottish?,His ancestry,1704
"What defended slavery, owned slaves and S08_set up a Sunday school for them?",His father,1705
Who did Wilson win in 1917?,Irish Americans,1706
Was Wilson awarded the 1919 Nobel Peace Prize?,Yes,1707
Was Wilson a remarkably effective writer and thinker?,Yes,1708
What lived in Columbia?,Wilson,1709
Was Wilson president of the American Political Science Association in 1910 ?,Yes,1710
"Did he not cast his ballot for John M. Palmer , the presidential candidate of the National Democratic Party , or Gold Democrats , a short-lived party that supported a gold standard , low tariffs , and limited government ?",Yes,1711
Did Wilson not spend 1914 through the beginning of 1917 trying to keep America out of the war in Europe ?,Yes,1712
"Was Wilson , a staunch opponent of antisemitism , sympathetic to the plight of Jews , especially in Poland and in France ?",Yes,1713
What happened in 1917?,"raised billions through Liberty loans, imposed an income tax, S08_set up the War Industries Board, promoted labor union growth, supervised agriculture and food production through the Lever Act, took over control of the railroads, and suppressed anti-war movements",1714
